epoch,time,train/box_loss,train/cls_loss,train/dfl_loss,metrics/precision(B),metrics/recall(B),metrics/mAP50(B),metrics/mAP50-95(B),val/box_loss,val/cls_loss,val/dfl_loss,lr/pg0,lr/pg1,lr/pg2
1,334.204,0.481,1.6876,0.88873,0.00955,0.95091,0.69803,0.66209,0.31518,3.01532,0.77007,0.000465508,0.000465508,0.000465508
2,645.325,0.3867,0.76266,0.85606,0.99214,0.84441,0.96649,0.91759,0.33017,1.9809,0.77703,0.000923192,0.000923192,0.000923192
3,973.101,0.37635,0.69486,0.85469,0.97719,0.98572,0.99477,0.94898,0.31314,0.95331,0.77872,0.00136201,0.00136201,0.00136201
4,1276.56,0.36301,0.62488,0.853,0.99881,0.99996,0.995,0.98034,0.23572,0.61915,0.76505,0.00134412,0.00134412,0.00134412
5,1637.71,0.33465,0.56465,0.84454,0.99562,1,0.995,0.96934,0.2878,0.60173,0.76977,0.00131582,0.00131582,0.00131582
6,1961.76,0.32805,0.52281,0.8521,0.99806,1,0.995,0.98294,0.22572,0.49336,0.76557,0.00128753,0.00128753,0.00128753
7,2297.4,0.3007,0.47417,0.84056,0.99754,1,0.995,0.98577,0.20708,0.43639,0.7605,0.00125923,0.00125923,0.00125923
8,2605.08,0.28893,0.44255,0.84048,0.99725,0.99986,0.99498,0.99158,0.19411,0.40434,0.75959,0.00123094,0.00123094,0.00123094
9,2910.96,0.29297,0.41822,0.83404,0.99962,1,0.995,0.99059,0.20243,0.36734,0.76008,0.00120265,0.00120265,0.00120265
10,3172.45,0.28565,0.39232,0.83932,0.99958,1,0.995,0.99342,0.16788,0.31022,0.75745,0.00117435,0.00117435,0.00117435
11,3484.91,0.27093,0.36537,0.83153,0.9996,1,0.995,0.9904,0.21242,0.32403,0.76325,0.00114606,0.00114606,0.00114606
12,3762.35,0.26548,0.35438,0.83678,0.99953,1,0.995,0.99412,0.18264,0.29454,0.75858,0.00111776,0.00111776,0.00111776
13,4059.32,0.25319,0.33692,0.82809,0.99959,1,0.995,0.99428,0.14449,0.27276,0.75355,0.00108947,0.00108947,0.00108947
14,4447.56,0.26105,0.34144,0.83929,0.99959,1,0.995,0.9909,0.16063,0.25984,0.75624,0.00106118,0.00106118,0.00106118
15,4710.51,0.24274,0.31539,0.82984,0.99956,1,0.995,0.99434,0.17132,0.2565,0.75824,0.00103288,0.00103288,0.00103288
16,5103.16,0.2429,0.30742,0.82956,0.99971,1,0.995,0.99474,0.15119,0.23313,0.75595,0.00100459,0.00100459,0.00100459
17,5811.13,0.24737,0.30074,0.83243,0.99951,1,0.995,0.995,0.14149,0.22872,0.75481,0.000976293,0.000976293,0.000976293
18,6199.45,0.23665,0.28979,0.82682,0.99961,1,0.995,0.99471,0.14736,0.22365,0.75373,0.000947999,0.000947999,0.000947999
19,6599.25,0.23729,0.28651,0.81811,0.99967,1,0.995,0.99355,0.15843,0.22036,0.75434,0.000919704,0.000919704,0.000919704
20,6952.2,0.23425,0.28009,0.82912,0.99913,0.99969,0.995,0.99486,0.13335,0.21625,0.75407,0.00089141,0.00089141,0.00089141
21,7353.38,0.22939,0.27303,0.82093,0.99969,1,0.995,0.99487,0.1255,0.19558,0.75237,0.000863116,0.000863116,0.000863116
22,7742.89,0.22349,0.26732,0.82541,0.99964,1,0.995,0.99433,0.14942,0.20579,0.75389,0.000834822,0.000834822,0.000834822
23,8083.95,0.22411,0.27288,0.82658,0.99698,0.99974,0.995,0.99463,0.13716,0.20857,0.75426,0.000806528,0.000806528,0.000806528
24,8348.72,0.21721,0.25737,0.81797,0.9989,1,0.995,0.99422,0.15077,0.19801,0.75382,0.000778233,0.000778233,0.000778233
25,8643.1,0.21728,0.25524,0.82197,0.99967,1,0.995,0.99495,0.13104,0.18131,0.75123,0.000749939,0.000749939,0.000749939
26,8937.01,0.20655,0.24461,0.8135,0.99963,1,0.995,0.99498,0.11952,0.18039,0.75093,0.000721645,0.000721645,0.000721645
27,9178.48,0.2184,0.25245,0.82361,0.99964,1,0.995,0.99209,0.1614,0.18893,0.75762,0.000693351,0.000693351,0.000693351
28,9443.86,0.20997,0.24274,0.81529,0.99967,1,0.995,0.995,0.11272,0.16681,0.74959,0.000665057,0.000665057,0.000665057
29,9753.52,0.2118,0.24381,0.81845,0.99969,1,0.995,0.9941,0.19212,0.19103,0.7613,0.000636762,0.000636762,0.000636762
30,10128.2,0.21422,0.24165,0.81428,0.99971,1,0.995,0.995,0.1228,0.16291,0.75179,0.000608468,0.000608468,0.000608468
31,10404,0.20607,0.23609,0.82034,0.99962,1,0.995,0.99492,0.10798,0.15744,0.74824,0.000580174,0.000580174,0.000580174
32,10741.2,0.19855,0.2315,0.81822,0.99948,1,0.995,0.995,0.14709,0.17199,0.75184,0.00055188,0.00055188,0.00055188
33,11017.9,0.20042,0.23345,0.81464,0.99969,1,0.995,0.995,0.11541,0.15771,0.74993,0.000523586,0.000523586,0.000523586
34,11325.4,0.20408,0.23359,0.8178,0.99966,1,0.995,0.99482,0.11991,0.16149,0.75065,0.000495291,0.000495291,0.000495291
35,11557.7,0.19023,0.2184,0.81152,0.99973,1,0.995,0.99491,0.1113,0.15054,0.74971,0.000466997,0.000466997,0.000466997
36,11794,0.18878,0.21672,0.81356,0.99974,1,0.995,0.99495,0.1238,0.1506,0.75143,0.000438703,0.000438703,0.000438703
37,11966.4,0.189,0.21593,0.8123,0.99971,1,0.995,0.995,0.10355,0.14215,0.74851,0.000410409,0.000410409,0.000410409
38,12184.8,0.18375,0.20978,0.81105,0.99972,1,0.995,0.995,0.09398,0.138,0.74719,0.000382115,0.000382115,0.000382115
39,12342.5,0.1788,0.20726,0.81347,0.99967,1,0.995,0.995,0.11475,0.14359,0.74948,0.00035382,0.00035382,0.00035382
40,12512.5,0.18475,0.21063,0.81532,0.99971,1,0.995,0.995,0.13098,0.1422,0.74951,0.000325526,0.000325526,0.000325526
41,12728.6,0.14385,0.16459,0.78081,0.99968,1,0.995,0.995,0.09401,0.13274,0.7471,0.000297232,0.000297232,0.000297232
42,12916.6,0.14328,0.16909,0.7908,0.99968,1,0.995,0.995,0.11236,0.14005,0.74837,0.000268938,0.000268938,0.000268938
43,13106.9,0.14136,0.16338,0.77385,0.99969,1,0.995,0.995,0.12579,0.14089,0.74996,0.000240644,0.000240644,0.000240644
44,13282.8,0.13984,0.16072,0.78408,0.9997,1,0.995,0.995,0.11102,0.13122,0.74782,0.000212349,0.000212349,0.000212349
45,13467,0.13612,0.15791,0.77963,0.9997,1,0.995,0.995,0.09882,0.12966,0.74689,0.000184055,0.000184055,0.000184055
46,13658.3,0.13623,0.15708,0.78326,0.99971,1,0.995,0.995,0.10247,0.12739,0.74715,0.000155761,0.000155761,0.000155761
47,13913.5,0.13118,0.15178,0.78611,0.99969,1,0.995,0.995,0.08394,0.11941,0.74571,0.000127467,0.000127467,0.000127467
48,14142.2,0.12875,0.14954,0.78695,0.99971,1,0.995,0.995,0.10918,0.12395,0.74697,9.91726e-05,9.91726e-05,9.91726e-05
49,14340.9,0.12749,0.14687,0.78529,0.99973,1,0.995,0.995,0.09538,0.11735,0.74643,7.08784e-05,7.08784e-05,7.08784e-05
50,14532.4,0.12144,0.14018,0.78442,0.99971,1,0.995,0.995,0.09762,0.11406,0.74665,4.25842e-05,4.25842e-05,4.25842e-05
