patient_id,fold
LIDC-IDRI-0001,3
LIDC-IDRI-0002,1
LIDC-IDRI-0003,0
LIDC-IDRI-0004,1
LIDC-IDRI-0005,0
LIDC-IDRI-0006,0
LIDC-IDRI-0007,0
LIDC-IDRI-0008,1
LIDC-IDRI-0010,1
LIDC-IDRI-0011,2
LIDC-IDRI-0012,0
LIDC-IDRI-0013,4
LIDC-IDRI-0014,3
LIDC-IDRI-0015,3
LIDC-IDRI-0016,4
LIDC-IDRI-0017,1
LIDC-IDRI-0018,2
LIDC-IDRI-0019,4
LIDC-IDRI-0020,1
LIDC-IDRI-0021,4
LIDC-IDRI-0023,1
LIDC-IDRI-0024,0
LIDC-IDRI-0026,0
LIDC-IDRI-0027,3
LIDC-IDRI-0030,3
LIDC-IDRI-0031,2
LIDC-IDRI-0033,4
LIDC-IDRI-0034,4
LIDC-IDRI-0035,2
LIDC-IDRI-0036,0
LIDC-IDRI-0037,4
LIDC-IDRI-0039,1
LIDC-IDRI-0040,1
LIDC-IDRI-0041,2
LIDC-IDRI-0042,3
LIDC-IDRI-0043,3
LIDC-IDRI-0044,4
LIDC-IDRI-0045,0
LIDC-IDRI-0046,4
LIDC-IDRI-0047,4
LIDC-IDRI-0048,0
LIDC-IDRI-0049,4
LIDC-IDRI-0050,4
LIDC-IDRI-0051,2
LIDC-IDRI-0052,1
LIDC-IDRI-0053,1
LIDC-IDRI-0054,4
LIDC-IDRI-0055,3
LIDC-IDRI-0056,0
LIDC-IDRI-0057,2
LIDC-IDRI-0058,4
LIDC-IDRI-0059,1
LIDC-IDRI-0060,2
LIDC-IDRI-0061,4
LIDC-IDRI-0063,4
LIDC-IDRI-0064,1
LIDC-IDRI-0065,0
LIDC-IDRI-0066,2
LIDC-IDRI-0067,4
LIDC-IDRI-0068,1
LIDC-IDRI-0069,4
LIDC-IDRI-0070,2
LIDC-IDRI-0072,4
LIDC-IDRI-0073,0
LIDC-IDRI-0074,0
LIDC-IDRI-0075,3
LIDC-IDRI-0076,3
LIDC-IDRI-0077,1
LIDC-IDRI-0078,3
LIDC-IDRI-0079,0
LIDC-IDRI-0080,4
LIDC-IDRI-0081,2
LIDC-IDRI-0082,1
LIDC-IDRI-0083,4
LIDC-IDRI-0084,2
LIDC-IDRI-0085,3
LIDC-IDRI-0086,3
LIDC-IDRI-0087,0
LIDC-IDRI-0088,2
LIDC-IDRI-0089,3
LIDC-IDRI-0090,1
LIDC-IDRI-0091,0
LIDC-IDRI-0092,3
LIDC-IDRI-0093,2
LIDC-IDRI-0094,1
LIDC-IDRI-0095,2
LIDC-IDRI-0096,3
LIDC-IDRI-0097,3
LIDC-IDRI-0098,3
LIDC-IDRI-0099,2
LIDC-IDRI-0101,2
LIDC-IDRI-0102,4
LIDC-IDRI-0103,1
LIDC-IDRI-0104,4
LIDC-IDRI-0105,3
LIDC-IDRI-0106,4
LIDC-IDRI-0107,3
LIDC-IDRI-0108,1
LIDC-IDRI-0109,1
LIDC-IDRI-0110,2
LIDC-IDRI-0111,3
LIDC-IDRI-0112,0
LIDC-IDRI-0113,4
LIDC-IDRI-0114,2
LIDC-IDRI-0115,2
LIDC-IDRI-0116,0
LIDC-IDRI-0117,2
LIDC-IDRI-0118,1
LIDC-IDRI-0119,2
LIDC-IDRI-0120,2
LIDC-IDRI-0121,1
LIDC-IDRI-0122,0
LIDC-IDRI-0123,4
LIDC-IDRI-0124,3
LIDC-IDRI-0125,3
LIDC-IDRI-0126,4
LIDC-IDRI-0127,0
LIDC-IDRI-0128,4
LIDC-IDRI-0129,2
LIDC-IDRI-0130,2
LIDC-IDRI-0131,3
LIDC-IDRI-0132,2
LIDC-IDRI-0133,1
LIDC-IDRI-0134,3
LIDC-IDRI-0135,1
LIDC-IDRI-0136,3
LIDC-IDRI-0137,1
LIDC-IDRI-0139,3
LIDC-IDRI-0140,0
LIDC-IDRI-0141,3
LIDC-IDRI-0142,0
LIDC-IDRI-0144,3
LIDC-IDRI-0145,4
LIDC-IDRI-0146,0
LIDC-IDRI-0147,2
LIDC-IDRI-0148,4
LIDC-IDRI-0149,4
LIDC-IDRI-0150,0
LIDC-IDRI-0151,0
LIDC-IDRI-0152,4
LIDC-IDRI-0153,0
LIDC-IDRI-0154,1
LIDC-IDRI-0155,4
LIDC-IDRI-0156,1
LIDC-IDRI-0157,4
LIDC-IDRI-0158,2
LIDC-IDRI-0159,4
LIDC-IDRI-0160,1
LIDC-IDRI-0161,4
LIDC-IDRI-0162,0
LIDC-IDRI-0163,0
LIDC-IDRI-0164,0
LIDC-IDRI-0166,1
LIDC-IDRI-0167,1
LIDC-IDRI-0168,0
LIDC-IDRI-0169,1
LIDC-IDRI-0170,3
LIDC-IDRI-0171,2
LIDC-IDRI-0172,1
LIDC-IDRI-0175,3
LIDC-IDRI-0176,2
LIDC-IDRI-0177,1
LIDC-IDRI-0178,3
LIDC-IDRI-0179,1
LIDC-IDRI-0181,3
LIDC-IDRI-0182,3
LIDC-IDRI-0183,4
LIDC-IDRI-0184,1
LIDC-IDRI-0185,2
LIDC-IDRI-0186,0
LIDC-IDRI-0187,0
LIDC-IDRI-0188,4
LIDC-IDRI-0190,0
LIDC-IDRI-0191,0
LIDC-IDRI-0192,4
LIDC-IDRI-0193,4
LIDC-IDRI-0194,0
LIDC-IDRI-0195,3
LIDC-IDRI-0196,3
LIDC-IDRI-0198,2
LIDC-IDRI-0199,3
LIDC-IDRI-0200,3
LIDC-IDRI-0201,4
LIDC-IDRI-0202,1
LIDC-IDRI-0203,2
LIDC-IDRI-0204,2
LIDC-IDRI-0206,2
LIDC-IDRI-0207,1
LIDC-IDRI-0208,0
LIDC-IDRI-0209,2
LIDC-IDRI-0210,0
LIDC-IDRI-0211,3
LIDC-IDRI-0212,1
LIDC-IDRI-0213,4
LIDC-IDRI-0215,1
LIDC-IDRI-0216,2
LIDC-IDRI-0217,4
LIDC-IDRI-0219,2
LIDC-IDRI-0220,0
LIDC-IDRI-0221,1
LIDC-IDRI-0222,3
LIDC-IDRI-0223,1
LIDC-IDRI-0227,4
LIDC-IDRI-0228,3
LIDC-IDRI-0229,0
LIDC-IDRI-0230,0
LIDC-IDRI-0231,4
LIDC-IDRI-0232,0
LIDC-IDRI-0233,4
LIDC-IDRI-0234,0
LIDC-IDRI-0235,3
LIDC-IDRI-0236,3
LIDC-IDRI-0237,1
LIDC-IDRI-0240,0
LIDC-IDRI-0241,3
LIDC-IDRI-0242,4
LIDC-IDRI-0244,2
LIDC-IDRI-0245,3
LIDC-IDRI-0246,2
LIDC-IDRI-0247,1
LIDC-IDRI-0248,2
LIDC-IDRI-0249,0
LIDC-IDRI-0250,3
LIDC-IDRI-0251,0
LIDC-IDRI-0252,3
LIDC-IDRI-0254,0
LIDC-IDRI-0255,2
LIDC-IDRI-0256,3
LIDC-IDRI-0257,0
LIDC-IDRI-0258,2
LIDC-IDRI-0259,1
LIDC-IDRI-0260,2
LIDC-IDRI-0262,2
LIDC-IDRI-0263,2
LIDC-IDRI-0264,1
LIDC-IDRI-0265,3
LIDC-IDRI-0266,4
LIDC-IDRI-0267,2
LIDC-IDRI-0269,3
LIDC-IDRI-0270,3
LIDC-IDRI-0271,2
LIDC-IDRI-0272,1
LIDC-IDRI-0273,2
LIDC-IDRI-0274,0
LIDC-IDRI-0276,1
LIDC-IDRI-0277,0
LIDC-IDRI-0278,2
LIDC-IDRI-0281,3
LIDC-IDRI-0282,1
LIDC-IDRI-0283,0
LIDC-IDRI-0284,4
LIDC-IDRI-0285,4
LIDC-IDRI-0286,2
LIDC-IDRI-0287,2
LIDC-IDRI-0288,1
LIDC-IDRI-0289,4
LIDC-IDRI-0291,0
LIDC-IDRI-0292,1
LIDC-IDRI-0294,1
LIDC-IDRI-0296,0
LIDC-IDRI-0297,0
LIDC-IDRI-0298,0
LIDC-IDRI-0299,2
LIDC-IDRI-0300,4
LIDC-IDRI-0301,2
LIDC-IDRI-0303,4
LIDC-IDRI-0304,0
LIDC-IDRI-0305,3
LIDC-IDRI-0308,4
LIDC-IDRI-0309,2
LIDC-IDRI-0310,4
LIDC-IDRI-0311,1
LIDC-IDRI-0312,4
LIDC-IDRI-0313,4
LIDC-IDRI-0314,0
LIDC-IDRI-0315,1
LIDC-IDRI-0317,2
LIDC-IDRI-0318,1
LIDC-IDRI-0319,0
LIDC-IDRI-0321,1
LIDC-IDRI-0323,4
LIDC-IDRI-0324,3
LIDC-IDRI-0325,2
LIDC-IDRI-0326,1
LIDC-IDRI-0329,3
LIDC-IDRI-0332,4
LIDC-IDRI-0334,0
LIDC-IDRI-0335,2
LIDC-IDRI-0337,0
LIDC-IDRI-0338,0
LIDC-IDRI-0339,0
LIDC-IDRI-0340,1
LIDC-IDRI-0341,2
LIDC-IDRI-0343,0
LIDC-IDRI-0344,1
LIDC-IDRI-0345,4
LIDC-IDRI-0346,2
LIDC-IDRI-0347,1
LIDC-IDRI-0348,4
LIDC-IDRI-0350,2
LIDC-IDRI-0351,4
LIDC-IDRI-0352,4
LIDC-IDRI-0353,4
LIDC-IDRI-0354,2
LIDC-IDRI-0355,2
LIDC-IDRI-0356,2
LIDC-IDRI-0358,0
LIDC-IDRI-0359,0
LIDC-IDRI-0360,4
LIDC-IDRI-0362,2
LIDC-IDRI-0363,0
LIDC-IDRI-0365,1
LIDC-IDRI-0366,4
LIDC-IDRI-0368,0
LIDC-IDRI-0369,0
LIDC-IDRI-0371,3
LIDC-IDRI-0372,3
LIDC-IDRI-0373,1
LIDC-IDRI-0374,2
LIDC-IDRI-0375,4
LIDC-IDRI-0376,3
LIDC-IDRI-0377,4
LIDC-IDRI-0378,3
LIDC-IDRI-0379,4
LIDC-IDRI-0380,3
LIDC-IDRI-0381,3
LIDC-IDRI-0384,1
LIDC-IDRI-0385,2
LIDC-IDRI-0386,2
LIDC-IDRI-0387,3
LIDC-IDRI-0388,2
LIDC-IDRI-0390,0
LIDC-IDRI-0392,2
LIDC-IDRI-0393,3
LIDC-IDRI-0394,2
LIDC-IDRI-0395,4
LIDC-IDRI-0397,0
LIDC-IDRI-0398,3
LIDC-IDRI-0399,1
LIDC-IDRI-0400,2
LIDC-IDRI-0402,4
LIDC-IDRI-0403,0
LIDC-IDRI-0404,1
LIDC-IDRI-0405,1
LIDC-IDRI-0406,3
LIDC-IDRI-0407,1
LIDC-IDRI-0408,1
LIDC-IDRI-0409,0
LIDC-IDRI-0411,2
LIDC-IDRI-0412,0
LIDC-IDRI-0413,2
LIDC-IDRI-0414,4
LIDC-IDRI-0415,0
LIDC-IDRI-0416,1
LIDC-IDRI-0419,1
LIDC-IDRI-0420,3
LIDC-IDRI-0421,1
LIDC-IDRI-0423,2
LIDC-IDRI-0424,3
LIDC-IDRI-0426,4
LIDC-IDRI-0427,2
LIDC-IDRI-0429,3
LIDC-IDRI-0430,1
LIDC-IDRI-0433,4
LIDC-IDRI-0434,0
LIDC-IDRI-0435,0
LIDC-IDRI-0436,1
LIDC-IDRI-0437,1
LIDC-IDRI-0438,1
LIDC-IDRI-0439,2
LIDC-IDRI-0440,2
LIDC-IDRI-0442,2
LIDC-IDRI-0443,0
LIDC-IDRI-0444,4
LIDC-IDRI-0445,2
LIDC-IDRI-0447,1
LIDC-IDRI-0448,2
LIDC-IDRI-0449,3
LIDC-IDRI-0450,2
LIDC-IDRI-0451,0
LIDC-IDRI-0452,3
LIDC-IDRI-0453,3
LIDC-IDRI-0454,2
LIDC-IDRI-0456,0
LIDC-IDRI-0457,2
LIDC-IDRI-0458,3
LIDC-IDRI-0460,4
LIDC-IDRI-0461,4
LIDC-IDRI-0462,3
LIDC-IDRI-0463,1
LIDC-IDRI-0464,4
LIDC-IDRI-0466,3
LIDC-IDRI-0467,4
LIDC-IDRI-0468,2
LIDC-IDRI-0469,0
LIDC-IDRI-0470,1
LIDC-IDRI-0473,2
LIDC-IDRI-0474,4
LIDC-IDRI-0475,1
LIDC-IDRI-0476,4
LIDC-IDRI-0477,3
LIDC-IDRI-0478,1
LIDC-IDRI-0479,4
LIDC-IDRI-0480,4
LIDC-IDRI-0481,0
LIDC-IDRI-0483,3
LIDC-IDRI-0484,3
LIDC-IDRI-0485,1
LIDC-IDRI-0486,4
LIDC-IDRI-0487,0
LIDC-IDRI-0488,0
LIDC-IDRI-0489,3
LIDC-IDRI-0490,0
LIDC-IDRI-0491,4
LIDC-IDRI-0492,1
LIDC-IDRI-0493,3
LIDC-IDRI-0496,4
LIDC-IDRI-0497,3
LIDC-IDRI-0498,2
LIDC-IDRI-0499,0
LIDC-IDRI-0500,1
LIDC-IDRI-0501,0
LIDC-IDRI-0503,4
LIDC-IDRI-0504,0
LIDC-IDRI-0505,3
LIDC-IDRI-0507,1
LIDC-IDRI-0508,1
LIDC-IDRI-0509,0
LIDC-IDRI-0510,4
LIDC-IDRI-0515,2
LIDC-IDRI-0516,3
LIDC-IDRI-0518,4
LIDC-IDRI-0521,1
LIDC-IDRI-0522,0
LIDC-IDRI-0523,3
LIDC-IDRI-0524,2
LIDC-IDRI-0525,0
LIDC-IDRI-0526,0
LIDC-IDRI-0527,3
LIDC-IDRI-0529,0
LIDC-IDRI-0530,4
LIDC-IDRI-0532,1
LIDC-IDRI-0533,0
LIDC-IDRI-0534,3
LIDC-IDRI-0535,3
LIDC-IDRI-0537,1
LIDC-IDRI-0538,2
LIDC-IDRI-0539,0
LIDC-IDRI-0541,4
LIDC-IDRI-0542,4
LIDC-IDRI-0543,4
LIDC-IDRI-0546,4
LIDC-IDRI-0547,1
LIDC-IDRI-0549,4
LIDC-IDRI-0550,0
LIDC-IDRI-0552,0
LIDC-IDRI-0553,0
LIDC-IDRI-0554,1
LIDC-IDRI-0555,3
LIDC-IDRI-0556,0
LIDC-IDRI-0557,3
LIDC-IDRI-0558,3
LIDC-IDRI-0559,3
LIDC-IDRI-0562,2
LIDC-IDRI-0565,2
LIDC-IDRI-0566,2
LIDC-IDRI-0567,3
LIDC-IDRI-0568,1
LIDC-IDRI-0569,3
LIDC-IDRI-0571,3
LIDC-IDRI-0572,1
LIDC-IDRI-0574,0
LIDC-IDRI-0576,1
LIDC-IDRI-0577,3
LIDC-IDRI-0578,4
LIDC-IDRI-0579,4
LIDC-IDRI-0580,3
LIDC-IDRI-0582,2
LIDC-IDRI-0583,1
LIDC-IDRI-0586,2
LIDC-IDRI-0587,4
LIDC-IDRI-0590,3
LIDC-IDRI-0591,2
LIDC-IDRI-0592,0
LIDC-IDRI-0594,0
LIDC-IDRI-0595,1
LIDC-IDRI-0596,1
LIDC-IDRI-0597,0
LIDC-IDRI-0598,4
LIDC-IDRI-0601,0
LIDC-IDRI-0602,3
LIDC-IDRI-0604,4
LIDC-IDRI-0605,1
LIDC-IDRI-0606,4
LIDC-IDRI-0607,2
LIDC-IDRI-0608,1
LIDC-IDRI-0609,4
LIDC-IDRI-0610,3
LIDC-IDRI-0613,4
LIDC-IDRI-0614,1
LIDC-IDRI-0615,0
LIDC-IDRI-0617,2
LIDC-IDRI-0618,4
LIDC-IDRI-0619,4
LIDC-IDRI-0620,0
LIDC-IDRI-0624,4
LIDC-IDRI-0625,1
LIDC-IDRI-0626,2
LIDC-IDRI-0628,1
LIDC-IDRI-0631,3
LIDC-IDRI-0633,1
LIDC-IDRI-0634,1
LIDC-IDRI-0635,4
LIDC-IDRI-0636,2
LIDC-IDRI-0637,4
LIDC-IDRI-0638,2
LIDC-IDRI-0639,3
LIDC-IDRI-0640,1
LIDC-IDRI-0641,3
LIDC-IDRI-0642,1
LIDC-IDRI-0643,1
LIDC-IDRI-0644,3
LIDC-IDRI-0645,4
LIDC-IDRI-0647,1
LIDC-IDRI-0648,2
LIDC-IDRI-0649,2
LIDC-IDRI-0650,4
LIDC-IDRI-0651,4
LIDC-IDRI-0652,0
LIDC-IDRI-0654,3
LIDC-IDRI-0655,1
LIDC-IDRI-0656,2
LIDC-IDRI-0657,4
LIDC-IDRI-0658,0
LIDC-IDRI-0659,0
LIDC-IDRI-0660,1
LIDC-IDRI-0661,0
LIDC-IDRI-0662,2
LIDC-IDRI-0663,3
LIDC-IDRI-0666,2
LIDC-IDRI-0669,4
LIDC-IDRI-0671,0
LIDC-IDRI-0672,4
LIDC-IDRI-0673,0
LIDC-IDRI-0674,3
LIDC-IDRI-0676,4
LIDC-IDRI-0678,0
LIDC-IDRI-0681,1
LIDC-IDRI-0682,0
LIDC-IDRI-0684,0
LIDC-IDRI-0686,3
LIDC-IDRI-0687,2
LIDC-IDRI-0688,4
LIDC-IDRI-0692,2
LIDC-IDRI-0694,3
LIDC-IDRI-0695,3
LIDC-IDRI-0696,0
LIDC-IDRI-0697,4
LIDC-IDRI-0698,0
LIDC-IDRI-0699,1
LIDC-IDRI-0700,0
LIDC-IDRI-0701,1
LIDC-IDRI-0702,1
LIDC-IDRI-0703,1
LIDC-IDRI-0704,1
LIDC-IDRI-0705,0
LIDC-IDRI-0706,1
LIDC-IDRI-0707,1
LIDC-IDRI-0708,2
LIDC-IDRI-0709,4
LIDC-IDRI-0712,1
LIDC-IDRI-0713,4
LIDC-IDRI-0714,2
LIDC-IDRI-0715,4
LIDC-IDRI-0717,0
LIDC-IDRI-0719,2
LIDC-IDRI-0720,2
LIDC-IDRI-0721,4
LIDC-IDRI-0722,2
LIDC-IDRI-0723,3
LIDC-IDRI-0724,0
LIDC-IDRI-0725,0
LIDC-IDRI-0726,3
LIDC-IDRI-0727,2
LIDC-IDRI-0728,4
LIDC-IDRI-0729,1
LIDC-IDRI-0730,1
LIDC-IDRI-0732,2
LIDC-IDRI-0733,3
LIDC-IDRI-0734,3
LIDC-IDRI-0735,1
LIDC-IDRI-0736,2
LIDC-IDRI-0739,3
LIDC-IDRI-0740,2
LIDC-IDRI-0741,4
LIDC-IDRI-0742,1
LIDC-IDRI-0743,0
LIDC-IDRI-0744,1
LIDC-IDRI-0748,3
LIDC-IDRI-0749,1
LIDC-IDRI-0751,2
LIDC-IDRI-0752,2
LIDC-IDRI-0753,3
LIDC-IDRI-0754,4
LIDC-IDRI-0756,0
LIDC-IDRI-0757,2
LIDC-IDRI-0759,3
LIDC-IDRI-0761,4
LIDC-IDRI-0762,4
LIDC-IDRI-0763,2
LIDC-IDRI-0765,4
LIDC-IDRI-0766,0
LIDC-IDRI-0768,4
LIDC-IDRI-0770,4
LIDC-IDRI-0771,1
LIDC-IDRI-0772,3
LIDC-IDRI-0773,3
LIDC-IDRI-0775,1
LIDC-IDRI-0776,2
LIDC-IDRI-0777,4
LIDC-IDRI-0779,1
LIDC-IDRI-0782,2
LIDC-IDRI-0783,4
LIDC-IDRI-0785,3
LIDC-IDRI-0786,3
LIDC-IDRI-0787,1
LIDC-IDRI-0788,3
LIDC-IDRI-0789,4
LIDC-IDRI-0790,4
LIDC-IDRI-0791,3
LIDC-IDRI-0792,4
LIDC-IDRI-0793,2
LIDC-IDRI-0794,4
LIDC-IDRI-0795,3
LIDC-IDRI-0796,3
LIDC-IDRI-0797,4
LIDC-IDRI-0798,2
LIDC-IDRI-0799,2
LIDC-IDRI-0800,4
LIDC-IDRI-0801,2
LIDC-IDRI-0803,1
LIDC-IDRI-0805,2
LIDC-IDRI-0806,2
LIDC-IDRI-0807,0
LIDC-IDRI-0809,4
LIDC-IDRI-0810,3
LIDC-IDRI-0811,2
LIDC-IDRI-0812,4
LIDC-IDRI-0813,3
LIDC-IDRI-0814,0
LIDC-IDRI-0815,1
LIDC-IDRI-0816,1
LIDC-IDRI-0818,1
LIDC-IDRI-0819,0
LIDC-IDRI-0820,4
LIDC-IDRI-0821,4
LIDC-IDRI-0822,1
LIDC-IDRI-0825,0
LIDC-IDRI-0826,0
LIDC-IDRI-0827,1
LIDC-IDRI-0828,4
LIDC-IDRI-0829,0
LIDC-IDRI-0830,0
LIDC-IDRI-0832,2
LIDC-IDRI-0834,2
LIDC-IDRI-0835,4
LIDC-IDRI-0836,0
LIDC-IDRI-0837,3
LIDC-IDRI-0838,3
LIDC-IDRI-0841,4
LIDC-IDRI-0842,2
LIDC-IDRI-0843,0
LIDC-IDRI-0844,3
LIDC-IDRI-0845,2
LIDC-IDRI-0846,2
LIDC-IDRI-0848,2
LIDC-IDRI-0849,0
LIDC-IDRI-0850,3
LIDC-IDRI-0851,3
LIDC-IDRI-0852,1
LIDC-IDRI-0854,4
LIDC-IDRI-0855,0
LIDC-IDRI-0857,0
LIDC-IDRI-0858,3
LIDC-IDRI-0859,2
LIDC-IDRI-0860,3
LIDC-IDRI-0861,2
LIDC-IDRI-0863,1
LIDC-IDRI-0864,2
LIDC-IDRI-0865,2
LIDC-IDRI-0866,1
LIDC-IDRI-0867,4
LIDC-IDRI-0868,0
LIDC-IDRI-0869,2
LIDC-IDRI-0870,1
LIDC-IDRI-0871,4
LIDC-IDRI-0872,3
LIDC-IDRI-0874,1
LIDC-IDRI-0875,0
LIDC-IDRI-0879,3
LIDC-IDRI-0880,3
LIDC-IDRI-0882,1
LIDC-IDRI-0884,0
LIDC-IDRI-0886,0
LIDC-IDRI-0888,1
LIDC-IDRI-0890,3
LIDC-IDRI-0892,4
LIDC-IDRI-0893,0
LIDC-IDRI-0894,0
LIDC-IDRI-0895,1
LIDC-IDRI-0896,3
LIDC-IDRI-0898,1
LIDC-IDRI-0899,3
LIDC-IDRI-0902,4
LIDC-IDRI-0904,3
LIDC-IDRI-0905,4
LIDC-IDRI-0906,1
LIDC-IDRI-0907,0
LIDC-IDRI-0908,2
LIDC-IDRI-0909,2
LIDC-IDRI-0910,0
LIDC-IDRI-0911,4
LIDC-IDRI-0912,1
LIDC-IDRI-0913,3
LIDC-IDRI-0914,0
LIDC-IDRI-0915,2
LIDC-IDRI-0916,1
LIDC-IDRI-0917,0
LIDC-IDRI-0919,3
LIDC-IDRI-0920,3
LIDC-IDRI-0921,3
LIDC-IDRI-0922,2
LIDC-IDRI-0923,2
LIDC-IDRI-0924,2
LIDC-IDRI-0925,0
LIDC-IDRI-0926,1
LIDC-IDRI-0928,0
LIDC-IDRI-0929,2
LIDC-IDRI-0932,3
LIDC-IDRI-0933,0
LIDC-IDRI-0935,2
LIDC-IDRI-0936,1
LIDC-IDRI-0938,3
LIDC-IDRI-0939,1
LIDC-IDRI-0940,2
LIDC-IDRI-0941,0
LIDC-IDRI-0942,3
LIDC-IDRI-0944,4
LIDC-IDRI-0946,4
LIDC-IDRI-0947,1
LIDC-IDRI-0949,4
LIDC-IDRI-0951,0
LIDC-IDRI-0953,3
LIDC-IDRI-0955,4
LIDC-IDRI-0956,0
LIDC-IDRI-0957,4
LIDC-IDRI-0959,1
LIDC-IDRI-0961,1
LIDC-IDRI-0962,3
LIDC-IDRI-0963,1
LIDC-IDRI-0965,1
LIDC-IDRI-0966,2
LIDC-IDRI-0968,4
LIDC-IDRI-0969,1
LIDC-IDRI-0972,3
LIDC-IDRI-0973,3
LIDC-IDRI-0974,3
LIDC-IDRI-0976,3
LIDC-IDRI-0978,2
LIDC-IDRI-0980,1
LIDC-IDRI-0981,3
LIDC-IDRI-0982,0
LIDC-IDRI-0983,3
LIDC-IDRI-0984,2
LIDC-IDRI-0985,3
LIDC-IDRI-0986,0
LIDC-IDRI-0987,4
LIDC-IDRI-0990,0
LIDC-IDRI-0991,0
LIDC-IDRI-0993,2
LIDC-IDRI-0994,0
LIDC-IDRI-0997,3
LIDC-IDRI-0998,3
LIDC-IDRI-0999,4
LIDC-IDRI-1000,1
LIDC-IDRI-1001,0
LIDC-IDRI-1002,2
LIDC-IDRI-1003,1
LIDC-IDRI-1004,2
LIDC-IDRI-1005,2
LIDC-IDRI-1006,3
LIDC-IDRI-1007,2
LIDC-IDRI-1008,3
LIDC-IDRI-1010,4
LIDC-IDRI-1011,4
LIDC-IDRI-1012,2
