epoch,train_loss,val_loss,val_acc,val_bal_acc,seconds
1,1.40894,1.29067,0.5119,0.2538,12.9
2,1.27634,1.26826,0.496,0.3176,11.3
3,1.25226,1.23535,0.5225,0.2933,11.4
4,1.22409,1.34236,0.4907,0.3407,11.5
5,1.21122,1.32749,0.5066,0.2372,11.9
6,1.19841,1.24845,0.5199,0.3763,11.6
7,1.18314,1.17233,0.5411,0.3491,11.6
8,1.17306,1.30216,0.4828,0.3476,11.7
9,1.1392,1.12133,0.5385,0.314,11.5
10,1.12577,1.10355,0.5862,0.4159,11.8
11,1.10641,1.14558,0.5491,0.3421,11.4
12,1.0905,1.11987,0.5676,0.4572,11.4
13,1.09594,1.06502,0.5782,0.4435,11.5
14,1.07871,1.28954,0.4987,0.3695,11.5
15,1.05538,1.05939,0.5915,0.4397,11.5
16,1.02912,1.04713,0.5995,0.4573,11.4
17,1.00669,0.98047,0.6127,0.4772,11.3
18,1.0196,1.02433,0.6021,0.501,11.3
19,1.02272,1.05615,0.5995,0.485,11.7
20,1.00431,1.3795,0.3926,0.386,11.5
21,0.99369,1.04826,0.6048,0.4902,11.4
22,0.97355,1.07355,0.5915,0.395,11.4
23,0.96695,0.98205,0.626,0.4634,11.4
24,0.98124,0.96129,0.6048,0.4582,11.4
25,0.96114,0.99207,0.626,0.5155,11.3
26,0.93872,1.0399,0.5942,0.517,13.8
27,0.93586,0.98884,0.6154,0.4494,16.0
